Points_0,Points_1,Points_2,U_0,U_1,U_2
8,-0.01,0,0,0,0
8,-0.01,3.4e-05,0.00881269,-5.94174e-36,-1.2257e-06
8,-0.01,6.8e-05,0.0176254,-1.18835e-35,-2.45139e-06
8,-0.01,0.000102,0.0264381,-1.78252e-35,-3.67709e-06
8,-0.01,0.000136,0.0351096,-1.45285e-35,-5.52597e-06
8,-0.01,0.00017,0.0436741,-4.22289e-36,-7.84764e-06
8,-0.01,0.000204,0.0522386,6.08267e-36,-1.01693e-05
8,-0.01,0.000238,0.0607361,1.4068e-35,-1.26403e-05
8,-0.01,0.000272,0.0688119,7.47051e-36,-1.60496e-05
8,-0.01,0.000306,0.0768877,8.72979e-37,-1.9459e-05
8,-0.01,0.00034,0.0849636,-5.72455e-36,-2.28683e-05
8,-0.01,0.000374,0.0925911,-1.03182e-35,-2.66949e-05
8,-0.01,0.000408,0.100032,-1.40768e-35,-3.06953e-05
8,-0.01,0.000442,0.107473,-1.78355e-35,-3.46956e-05
8,-0.01,0.000476,0.114718,-1.45085e-35,-3.87632e-05
8,-0.01,0.00051,0.121449,7.54597e-36,-4.30083e-05
8,-0.01,0.000544,0.128179,2.96004e-35,-4.72534e-05
8,-0.01,0.000578,0.134909,5.16549e-35,-5.14985e-05
8,-0.01,0.000612,0.141021,3.65479e-35,-5.57696e-05
8,-0.01,0.000646,0.147017,1.45276e-35,-6.00455e-05
8,-0.01,0.00068,0.153013,-7.49278e-36,-6.43214e-05
8,-0.01,0.000714,0.158713,-2.51577e-35,-6.85509e-05
8,-0.01,0.000748,0.163988,-3.66005e-35,-7.27141e-05
8,-0.01,0.000782,0.169263,-4.80433e-35,-7.68773e-05
8,-0.01,0.000816,0.174539,-5.94861e-35,-8.10405e-05
8,-0.01,0.00085,0.179144,-8.28579e-35,-8.49994e-05
8,-0.01,0.000884,0.183735,-1.06468e-34,-8.89543e-05
8,-0.01,0.000918,0.188327,-1.30079e-34,-9.29092e-05
8,-0.01,0.000952,0.192572,-1.3019e-34,-9.67185e-05
8,-0.01,0.000986,0.196532,-1.10998e-34,-0.000100408
8,-0.01,0.00102,0.200492,-9.18062e-35,-0.000104098
8,-0.01,0.001054,0.204385,-7.58457e-35,-0.000107753
8,-0.01,0.001088,0.207773,-8.41203e-35,-0.00011115
8,-0.01,0.001122,0.211161,-9.23948e-35,-0.000114547
8,-0.01,0.001156,0.214549,-1.00669e-34,-0.000117944
8,-0.01,0.00119,0.217587,-6.57403e-35,-0.000121136
8,-0.01,0.001224,0.220466,-1.10519e-35,-0.000124235
8,-0.01,0.001258,0.223345,4.36365e-35,-0.000127334
8,-0.01,0.001292,0.22611,9.52571e-35,-0.000130358
8,-0.01,0.001326,0.22854,1.37916e-34,-0.000133166
8,-0.01,0.00136,0.230971,1.80575e-34,-0.000135974
8,-0.01,0.001394,0.233402,2.23233e-34,-0.000138782
8,-0.01,0.001428,0.235511,2.07217e-34,-0.000141366
8,-0.01,0.001462,0.237553,1.78629e-34,-0.000143901
8,-0.01,0.001496,0.239594,1.5004e-34,-0.000146436
8,-0.01,0.00153,0.241504,1.30317e-34,-0.000148873
8,-0.01,0.001564,0.243209,1.24341e-34,-0.000151158
8,-0.01,0.001598,0.244915,1.18366e-34,-0.000153443
8,-0.01,0.001632,0.246621,1.1239e-34,-0.000155728
8,-0.01,0.001666,0.248052,7.34963e-35,-0.000157796
8,-0.01,0.0017,0.249471,3.32625e-35,-0.000159855
8,-0.01,0.001734,0.25089,-6.97118e-36,-0.000161914
8,-0.01,0.001768,0.252181,-1.55953e-35,-0.000163868
8,-0.01,0.001802,0.253357,3.87815e-36,-0.000165729
8,-0.01,0.001836,0.254533,2.33516e-35,-0.000167591
8,-0.01,0.00187,0.255689,4.031e-35,-0.000169435
8,-0.01,0.001904,0.25666,3.41054e-35,-0.000171123
8,-0.01,0.001938,0.257631,2.79007e-35,-0.00017281
8,-0.01,0.001972,0.258602,2.16961e-35,-0.000174498
8,-0.01,0.002006,0.259459,9.56485e-36,-0.000176081
8,-0.01,0.00204,0.260258,-5.52843e-36,-0.000177613
8,-0.01,0.002074,0.261058,-2.06217e-35,-0.000179144
8,-0.01,0.002108,0.261823,-1.82103e-35,-0.000180646
8,-0.01,0.002142,0.262479,4.10909e-35,-0.000182052
8,-0.01,0.002176,0.263135,1.00392e-34,-0.000183457
8,-0.01,0.00221,0.263791,1.59693e-34,-0.000184863
8,-0.01,0.002244,0.264352,1.83354e-34,-0.000186187
8,-0.01,0.002278,0.264889,1.98317e-34,-0.000187491
8,-0.01,0.002312,0.265426,2.1328e-34,-0.000188795
8,-0.01,0.002346,0.265926,2.01118e-34,-0.00019006
8,-0.01,0.00238,0.266364,1.43293e-34,-0.00019126
8,-0.01,0.002414,0.266802,8.54681e-35,-0.000192459
8,-0.01,0.002448,0.267241,2.76429e-35,-0.000193658
8,-0.01,0.002482,0.267603,-8.73238e-36,-0.000194788
8,-0.01,0.002516,0.26796,-4.3767e-35,-0.000195913
8,-0.01,0.00255,0.268317,-7.88016e-35,-0.000197038
8,-0.01,0.002584,0.26864,-8.26109e-35,-0.000198133
8,-0.01,0.002618,0.268931,-5.63839e-35,-0.000199199
8,-0.01,0.002652,0.269221,-3.01568e-35,-0.000200266
8,-0.01,0.002686,0.269507,2.41374e-36,-0.000201327
8,-0.01,0.00272,0.269743,1.09424e-34,-0.000202335
8,-0.01,0.002754,0.269978,2.16434e-34,-0.000203342
8,-0.01,0.002788,0.270214,3.23443e-34,-0.000204349
8,-0.01,0.002822,0.27042,3.25941e-34,-0.00020533
8,-0.01,0.002856,0.270611,2.71433e-34,-0.000206298
8,-0.01,0.00289,0.270802,2.16926e-34,-0.000207265
8,-0.01,0.002924,0.270985,1.74085e-34,-0.000208224
8,-0.01,0.002958,0.271139,1.73695e-34,-0.000209154
8,-0.01,0.002992,0.271294,1.73306e-34,-0.000210083
8,-0.01,0.003026,0.271448,1.72916e-34,-0.000211013
8,-0.01,0.00306,0.271579,1.02757e-34,-0.000211917
8,-0.01,0.003094,0.271704,1.34217e-35,-0.000212816
8,-0.01,0.003128,0.271828,-7.5913e-35,-0.000213714
8,-0.01,0.003162,0.271944,-1.59903e-34,-0.000214603
8,-0.01,0.003196,0.272045,-2.34092e-34,-0.000215478
8,-0.01,0.00323,0.272146,-3.08283e-34,-0.000216353
8,-0.01,0.003264,0.272246,-3.82473e-34,-0.000217228
8,-0.01,0.003298,0.272329,-3.02512e-34,-0.000218084
8,-0.01,0.003332,0.27241,-2.09414e-34,-0.000218939
8,-0.01,0.003366,0.272491,-1.16316e-34,-0.000219793
8,-0.01,0.0034,0.272564,-1.62211e-34,-0.000220639
8,-0.01,0.003434,0.272629,-3.52602e-34,-0.000221476
8,-0.01,0.003468,0.272694,-5.42994e-34,-0.000222313
8,-0.01,0.003502,0.272759,-7.2716e-34,-0.000223149
8,-0.01,0.003536,0.272811,-8.11731e-34,-0.000223972
8,-0.01,0.00357,0.272864,-8.96303e-34,-0.000224795
8,-0.01,0.003604,0.272916,-9.80874e-34,-0.000225619
8,-0.01,0.003638,0.272962,-8.65236e-34,-0.000226436
8,-0.01,0.003672,0.273004,-6.30673e-34,-0.000227249
8,-0.01,0.003706,0.273046,-3.96111e-34,-0.000228062
8,-0.01,0.00374,0.273087,-1.77103e-34,-0.000228874
8,-0.01,0.003774,0.273121,-2.18242e-35,-0.000229678
8,-0.01,0.003808,0.273155,1.33454e-34,-0.000230483
8,-0.01,0.003842,0.273188,2.88732e-34,-0.000231287
8,-0.01,0.003876,0.273217,3.07293e-34,-0.000232087
8,-0.01,0.00391,0.273244,2.83786e-34,-0.000232885
8,-0.01,0.003944,0.273271,2.60278e-34,-0.000233682
8,-0.01,0.003978,0.273297,1.92545e-34,-0.000234479
8,-0.01,0.004012,0.273318,3.63221e-35,-0.000235272
8,-0.01,0.004046,0.27334,-1.19903e-34,-0.000236065
8,-0.01,0.00408,0.273362,-2.76127e-34,-0.000236859
8,-0.01,0.004114,0.27338,-3.88586e-34,-0.000237646
8,-0.01,0.004148,0.273397,-4.96291e-34,-0.000238433
8,-0.01,0.004182,0.273415,-6.03998e-34,-0.00023922
8,-0.01,0.004216,0.273431,-5.99473e-34,-0.000240005
8,-0.01,0.00425,0.273445,-4.6869e-34,-0.000240786
8,-0.01,0.004284,0.273459,-3.37909e-34,-0.000241568
8,-0.01,0.004318,0.273473,-2.07079e-34,-0.000242349
8,-0.01,0.004352,0.273484,-7.50447e-35,-0.000243129
8,-0.01,0.004386,0.273495,5.69874e-35,-0.00024391
8,-0.01,0.00442,0.273506,1.89021e-34,-0.00024469
8,-0.01,0.004454,0.273516,2.66561e-34,-0.000245469
8,-0.01,0.004488,0.273525,3.08959e-34,-0.000246248
8,-0.01,0.004522,0.273534,3.51357e-34,-0.000247026
8,-0.01,0.004556,0.273543,3.8092e-34,-0.000247804
8,-0.01,0.00459,0.27355,3.50585e-34,-0.00024858
8,-0.01,0.004624,0.273557,3.2025e-34,-0.000249357
8,-0.01,0.004658,0.273565,2.89915e-34,-0.000250133
8,-0.01,0.004692,0.273571,1.90294e-34,-0.000250908
8,-0.01,0.004726,0.273576,6.69556e-35,-0.000251683
8,-0.01,0.00476,0.273582,-5.63811e-35,-0.000252458
8,-0.01,0.004794,0.273588,-1.58742e-34,-0.000253232
8,-0.01,0.004828,0.273592,-2.15235e-34,-0.000254006
8,-0.01,0.004862,0.273597,-2.71729e-34,-0.000254779
8,-0.01,0.004896,0.273601,-3.28223e-34,-0.000255553
8,-0.01,0.00493,0.273605,-3.26518e-34,-0.000256325
8,-0.01,0.004964,0.273609,-3.17053e-34,-0.000257098
8,-0.01,0.004998,0.273612,-3.07588e-34,-0.000257871
8,-0.01,0.005032,0.273616,-3.36517e-34,-0.000258643
8,-0.01,0.005066,0.273619,-4.12205e-34,-0.000259415
8,-0.01,0.0051,0.273622,-4.87894e-34,-0.000260187
8,-0.01,0.005134,0.273625,-5.58929e-34,-0.000260959
8,-0.01,0.005168,0.273627,-3.98563e-34,-0.00026173
8,-0.01,0.005202,0.27363,-2.38195e-34,-0.000262501
8,-0.01,0.005236,0.273632,-7.78288e-35,-0.000263273
8,-0.01,0.00527,0.273634,1.48696e-34,-0.000264044
8,-0.01,0.005304,0.273636,4.21528e-34,-0.000264814
8,-0.01,0.005338,0.273638,6.94363e-34,-0.000265585
8,-0.01,0.005372,0.27364,8.8336e-34,-0.000266356
8,-0.01,0.005406,0.273642,6.21406e-34,-0.000267126
8,-0.01,0.00544,0.273643,3.59456e-34,-0.000267897
8,-0.01,0.005474,0.273645,9.75053e-35,-0.000268667
8,-0.01,0.005508,0.273646,-2.16694e-34,-0.000269438
8,-0.01,0.005542,0.273648,-5.5065e-34,-0.000270208
8,-0.01,0.005576,0.273649,-8.8461e-34,-0.000270978
8,-0.01,0.00561,0.27365,-1.06678e-33,-0.000271748
8,-0.01,0.005644,0.273651,-8.84691e-34,-0.000272518
8,-0.01,0.005678,0.273652,-7.026e-34,-0.000273288
8,-0.01,0.005712,0.273653,-5.20507e-34,-0.000274058
8,-0.01,0.005746,0.273654,-4.56776e-34,-0.000274828
8,-0.01,0.00578,0.273655,-4.11889e-34,-0.000275598
8,-0.01,0.005814,0.273656,-3.67002e-34,-0.000276368
8,-0.01,0.005848,0.273657,-3.60834e-34,-0.000277138
8,-0.01,0.005882,0.273658,-4.05686e-34,-0.000277908
8,-0.01,0.005916,0.273659,-4.50538e-34,-0.000278677
8,-0.01,0.00595,0.273659,-4.9539e-34,-0.000279447
8,-0.01,0.005984,0.27366,-4.72339e-34,-0.000280217
8,-0.01,0.006018,0.27366,-4.49287e-34,-0.000280986
8,-0.01,0.006052,0.273661,-4.26236e-34,-0.000281756
8,-0.01,0.006086,0.273662,-4.38863e-34,-0.000282526
8,-0.01,0.00612,0.273662,-4.78568e-34,-0.000283296
8,-0.01,0.006154,0.273663,-5.18272e-34,-0.000284065
8,-0.01,0.006188,0.273663,-5.28322e-34,-0.000284835
8,-0.01,0.006222,0.273664,-3.52131e-34,-0.000285605
8,-0.01,0.006256,0.273664,-1.75938e-34,-0.000286375
8,-0.01,0.00629,0.273664,2.52314e-37,-0.000287145
8,-0.01,0.006324,0.273665,8.03531e-35,-0.000287914
8,-0.01,0.006358,0.273665,1.20415e-34,-0.000288683
8,-0.01,0.006392,0.273666,1.60477e-34,-0.000289452
8,-0.01,0.006426,0.273666,1.44638e-34,-0.000290222
8,-0.01,0.00646,0.273667,-1.90141e-35,-0.000290991
8,-0.01,0.006494,0.273667,-1.82668e-34,-0.00029176
8,-0.01,0.006528,0.273667,-3.4632e-34,-0.000292529
8,-0.01,0.006562,0.273668,-3.61132e-34,-0.000293299
8,-0.01,0.006596,0.273668,-3.48275e-34,-0.000294068
8,-0.01,0.00663,0.273669,-3.35417e-34,-0.000294837
8,-0.01,0.006664,0.273669,-2.24208e-34,-0.000295607
8,-0.01,0.006698,0.273669,2.74989e-35,-0.000296376
8,-0.01,0.006732,0.27367,2.79209e-34,-0.000297146
8,-0.01,0.006766,0.27367,5.30917e-34,-0.000297915
8,-0.01,0.0068,0.27367,4.51277e-34,-0.000298684
8,-0.01,0.006834,0.273671,3.64978e-34,-0.000299454
8,-0.01,0.006868,0.273671,2.78677e-34,-0.000300223
8,-0.01,0.006902,0.273671,4.44683e-35,-0.000300992
8,-0.01,0.006936,0.273671,-3.11195e-34,-0.000301762
8,-0.01,0.00697,0.273672,-6.66854e-34,-0.000302531
8,-0.01,0.007004,0.273672,-9.58822e-34,-0.0003033
8,-0.01,0.007038,0.273672,-7.73053e-34,-0.000304069
8,-0.01,0.007072,0.273673,-5.87286e-34,-0.000304839
8,-0.01,0.007106,0.273673,-4.01517e-34,-0.000305608
8,-0.01,0.00714,0.273673,-2.06299e-34,-0.000306377
8,-0.01,0.007174,0.273673,-6.75656e-36,-0.000307147
8,-0.01,0.007208,0.273674,1.92783e-34,-0.000307916
8,-0.01,0.007242,0.273674,3.2652e-34,-0.000308685
8,-0.01,0.007276,0.273674,2.68003e-34,-0.000309454
8,-0.01,0.00731,0.273674,2.09486e-34,-0.000310224
8,-0.01,0.007344,0.273674,1.50969e-34,-0.000310993
8,-0.01,0.007378,0.273675,2.70043e-34,-0.000311762
8,-0.01,0.007412,0.273675,4.27175e-34,-0.000312531
8,-0.01,0.007446,0.273675,5.84306e-34,-0.000313301
8,-0.01,0.00748,0.273675,7.20107e-34,-0.00031407
8,-0.01,0.007514,0.273676,8.2283e-34,-0.000314839
8,-0.01,0.007548,0.273676,9.25554e-34,-0.000315609
8,-0.01,0.007582,0.273676,1.02828e-33,-0.000316378
8,-0.01,0.007616,0.273677,8.89238e-34,-0.000317147
8,-0.01,0.00765,0.273677,7.40355e-34,-0.000317917
8,-0.01,0.007684,0.273677,5.91474e-34,-0.000318686
8,-0.01,0.007718,0.273677,4.34334e-34,-0.000319455
8,-0.01,0.007752,0.273678,2.69855e-34,-0.000320224
8,-0.01,0.007786,0.273678,1.05374e-34,-0.000320993
8,-0.01,0.00782,0.273678,-6.47705e-35,-0.000321763
8,-0.01,0.007854,0.273679,-2.8711e-34,-0.000322532
8,-0.01,0.007888,0.273679,-5.09455e-34,-0.000323301
8,-0.01,0.007922,0.273679,-7.31795e-34,-0.00032407
8,-0.01,0.007956,0.273679,-8.51528e-34,-0.000324839
8,-0.01,0.00799,0.27368,-9.19984e-34,-0.000325609
8,-0.01,0.008024,0.27368,-9.8844e-34,-0.000326378
8,-0.01,0.008058,0.27368,-1.07851e-33,-0.000327147
8,-0.01,0.008092,0.273681,-1.23884e-33,-0.000327917
8,-0.01,0.008126,0.273681,-1.39916e-33,-0.000328686
8,-0.01,0.00816,0.273681,-1.55949e-33,-0.000329456
8,-0.01,0.008194,0.273681,-1.39412e-33,-0.000330225
8,-0.01,0.008228,0.273681,-1.14927e-33,-0.000330994
8,-0.01,0.008262,0.273682,-9.04415e-34,-0.000331764
8,-0.01,0.008296,0.273682,-5.58907e-34,-0.000332533
8,-0.01,0.00833,0.273682,-4.39367e-35,-0.000333303
8,-0.01,0.008364,0.273682,4.71048e-34,-0.000334072
8,-0.01,0.008398,0.273683,9.86018e-34,-0.000334841
8,-0.01,0.008432,0.273683,8.04673e-34,-0.000335611
8,-0.01,0.008466,0.273683,5.79818e-34,-0.00033638
8,-0.01,0.0085,0.273684,3.54957e-34,-0.00033715
8,-0.01,0.008534,0.273684,1.30037e-34,-0.000337919
8,-0.01,0.008568,0.273684,-9.49444e-35,-0.000338689
8,-0.01,0.008602,0.273685,-3.19926e-34,-0.000339458
8,-0.01,0.008636,0.273685,-5.36093e-34,-0.000340228
8,-0.01,0.00867,0.273685,-6.48792e-34,-0.000340997
8,-0.01,0.008704,0.273685,-7.61489e-34,-0.000341767
8,-0.01,0.008738,0.273686,-8.74186e-34,-0.000342536
8,-0.01,0.008772,0.273686,-8.00456e-34,-0.000343305
8,-0.01,0.008806,0.273686,-6.25034e-34,-0.000344075
8,-0.01,0.00884,0.273687,-4.49616e-34,-0.000344844
8,-0.01,0.008874,0.273687,-2.73548e-34,-0.000345614
8,-0.01,0.008908,0.273687,-9.51168e-35,-0.000346383
8,-0.01,0.008942,0.273687,8.33143e-35,-0.000347153
8,-0.01,0.008976,0.273688,2.6175e-34,-0.000347922
8,-0.01,0.00901,0.273688,2.32168e-34,-0.000348692
8,-0.01,0.009044,0.273688,1.45419e-34,-0.000349462
8,-0.01,0.009078,0.273689,5.86699e-35,-0.000350231
8,-0.01,0.009112,0.273689,5.0906e-35,-0.000351001
8,-0.01,0.009146,0.273689,1.87952e-34,-0.00035177
8,-0.01,0.00918,0.273689,3.24997e-34,-0.00035254
8,-0.01,0.009214,0.27369,4.62043e-34,-0.000353309
8,-0.01,0.009248,0.27369,6.65517e-34,-0.000354079
8,-0.01,0.009282,0.27369,8.74658e-34,-0.000354848
8,-0.01,0.009316,0.27369,1.08379e-33,-0.000355618
8,-0.01,0.00935,0.273691,1.00024e-33,-0.000356387
8,-0.01,0.009384,0.273691,6.12396e-34,-0.000357157
8,-0.01,0.009418,0.273691,2.24554e-34,-0.000357926
8,-0.01,0.009452,0.273692,-1.45444e-34,-0.000358695
8,-0.01,0.009486,0.273692,-2.2984e-34,-0.000359465
8,-0.01,0.00952,0.273692,-3.14236e-34,-0.000360234
8,-0.01,0.009554,0.273693,-3.98633e-34,-0.000361004
8,-0.01,0.009588,0.273693,-2.52103e-34,-0.000361774
8,-0.01,0.009622,0.273693,3.15976e-35,-0.000362544
8,-0.01,0.009656,0.273694,3.15298e-34,-0.000363314
8,-0.01,0.00969,0.273694,4.63869e-34,-0.000364084
8,-0.01,0.009724,0.273694,5.87749e-35,-0.000364854
8,-0.01,0.009758,0.273694,-3.4633e-34,-0.000365623
8,-0.01,0.009792,0.273695,-7.51425e-34,-0.000366393
8,-0.01,0.009826,0.273695,-8.18542e-34,-0.000367162
8,-0.01,0.00986,0.273695,-7.81665e-34,-0.000367932
8,-0.01,0.009894,0.273696,-7.44788e-34,-0.000368701
8,-0.01,0.009928,0.273696,-6.87917e-34,-0.000369471
8,-0.01,0.009962,0.273696,-5.91043e-34,-0.000370241
8,-0.01,0.009996,0.273697,-4.9417e-34,-0.000371011
8,-0.01,0.01003,0.273697,-3.97297e-34,-0.000371782
8,-0.01,0.010064,0.273697,-7.43945e-34,-0.000372552
8,-0.01,0.010098,0.273698,-1.13827e-33,-0.000373321
8,-0.01,0.010132,0.273698,-1.53259e-33,-0.000374091
8,-0.01,0.010166,0.273698,-1.60429e-33,-0.000374861
8,-0.01,0.0102,0.273699,-1.313e-33,-0.000375631
8,-0.01,0.010234,0.273699,-1.02173e-33,-0.0003764
8,-0.01,0.010268,0.273699,-7.25666e-34,-0.00037717
8,-0.01,0.010302,0.2737,-3.0919e-34,-0.00037794
8,-0.01,0.010336,0.2737,1.07286e-34,-0.00037871
8,-0.01,0.01037,0.273701,5.23773e-34,-0.00037948
8,-0.01,0.010404,0.273701,7.32342e-34,-0.00038025
8,-0.01,0.010438,0.273701,8.07339e-34,-0.00038102
8,-0.01,0.010472,0.273701,8.82336e-34,-0.000381789
8,-0.01,0.010506,0.273702,9.23338e-34,-0.000382559
8,-0.01,0.01054,0.273702,8.05707e-34,-0.000383329
8,-0.01,0.010574,0.273702,6.88075e-34,-0.000384098
8,-0.01,0.010608,0.273703,5.70444e-34,-0.000384868
8,-0.01,0.010642,0.273703,2.44954e-34,-0.000385638
8,-0.01,0.010676,0.273703,-1.52028e-34,-0.000386408
8,-0.01,0.01071,0.273704,-5.49e-34,-0.000387179
8,-0.01,0.010744,0.273704,-7.8045e-34,-0.000387949
8,-0.01,0.010778,0.273705,-6.51466e-34,-0.000388718
8,-0.01,0.010812,0.273705,-5.22479e-34,-0.000389488
8,-0.01,0.010846,0.273705,-3.93495e-34,-0.000390258
8,-0.01,0.01088,0.273706,8.03895e-35,-0.000391027
8,-0.01,0.010914,0.273706,6.00261e-34,-0.000391797
8,-0.01,0.010948,0.273706,1.12013e-33,-0.000392567
8,-0.01,0.010982,0.273707,1.37183e-33,-0.000393337
8,-0.01,0.011016,0.273707,1.29576e-33,-0.000394107
8,-0.01,0.01105,0.273707,1.21969e-33,-0.000394877
8,-0.01,0.011084,0.273708,1.13829e-33,-0.000395647
8,-0.01,0.011118,0.273708,8.03632e-34,-0.000396417
8,-0.01,0.011152,0.273708,4.68978e-34,-0.000397187
8,-0.01,0.011186,0.273709,1.34324e-34,-0.000397957
8,-0.01,0.01122,0.273709,8.83116e-35,-0.000398726
8,-0.01,0.011254,0.273709,2.44341e-34,-0.000399496
8,-0.01,0.011288,0.27371,4.00374e-34,-0.000400266
8,-0.01,0.011322,0.27371,5.31816e-34,-0.000401035
8,-0.01,0.011356,0.273711,5.30124e-34,-0.000401806
8,-0.01,0.01139,0.273711,5.28431e-34,-0.000402576
8,-0.01,0.011424,0.273711,5.26739e-34,-0.000403347
8,-0.01,0.011458,0.273712,3.48092e-34,-0.000404116
8,-0.01,0.011492,0.273712,1.02825e-34,-0.000404886
8,-0.01,0.011526,0.273712,-1.42441e-34,-0.000405656
8,-0.01,0.01156,0.273713,-3.23871e-34,-0.000406425
8,-0.01,0.011594,0.273713,-3.52088e-34,-0.000407195
8,-0.01,0.011628,0.273714,-3.80303e-34,-0.000407964
8,-0.01,0.011662,0.273714,-4.08519e-34,-0.000408734
8,-0.01,0.011696,0.273714,-2.6498e-34,-0.000409504
8,-0.01,0.01173,0.273715,-9.38824e-35,-0.000410275
8,-0.01,0.011764,0.273715,7.72103e-35,-0.000411045
8,-0.01,0.011798,0.273716,2.13385e-34,-0.000411815
8,-0.01,0.011832,0.273716,3.03716e-34,-0.000412585
8,-0.01,0.011866,0.273716,3.94047e-34,-0.000413355
8,-0.01,0.0119,0.273717,4.8438e-34,-0.000414124
8,-0.01,0.011934,0.273717,3.10944e-34,-0.000414894
8,-0.01,0.011968,0.273717,1.37508e-34,-0.000415664
8,-0.01,0.012002,0.273718,-3.5928e-35,-0.000416434
8,-0.01,0.012036,0.273718,-4.58421e-35,-0.000417204
8,-0.01,0.01207,0.273718,6.87874e-35,-0.000417974
8,-0.01,0.012104,0.273719,1.83417e-34,-0.000418744
8,-0.01,0.012138,0.273719,3.03962e-34,-0.000419515
8,-0.01,0.012172,0.27372,4.61393e-34,-0.000420284
8,-0.01,0.012206,0.27372,6.18827e-34,-0.000421054
8,-0.01,0.01224,0.27372,7.76258e-34,-0.000421823
8,-0.01,0.012274,0.273721,6.87805e-34,-0.000422593
8,-0.01,0.012308,0.273721,4.96906e-34,-0.000423363
8,-0.01,0.012342,0.273722,3.06002e-34,-0.000424132
8,-0.01,0.012376,0.273722,1.59917e-34,-0.000424902
8,-0.01,0.01241,0.273723,1.32846e-34,-0.000425672
8,-0.01,0.012444,0.273723,1.05776e-34,-0.000426443
8,-0.01,0.012478,0.273723,7.87053e-35,-0.000427213
8,-0.01,0.012512,0.273724,-1.45685e-34,-0.000427983
8,-0.01,0.012546,0.273724,-4.06507e-34,-0.000428752
8,-0.01,0.01258,0.273725,-6.67329e-34,-0.000429522
8,-0.01,0.012614,0.273725,-1.03305e-33,-0.000430292
8,-0.01,0.012648,0.273725,-1.54865e-33,-0.000431061
8,-0.01,0.012682,0.273726,-2.06423e-33,-0.000431831
8,-0.01,0.012716,0.273726,-2.57982e-33,-0.000432601
8,-0.01,0.01275,0.273727,-2.39384e-33,-0.000433371
8,-0.01,0.012784,0.273727,-2.19311e-33,-0.000434141
8,-0.01,0.012818,0.273727,-1.99238e-33,-0.000434911
8,-0.01,0.012852,0.273728,-1.58632e-33,-0.000435681
8,-0.01,0.012886,0.273728,-1.01228e-33,-0.000436451
8,-0.01,0.01292,0.273729,-4.38237e-34,-0.00043722
8,-0.01,0.012954,0.273729,6.37053e-35,-0.00043799
8,-0.01,0.012988,0.27373,2.47651e-35,-0.000438759
8,-0.01,0.013022,0.27373,-1.41752e-35,-0.000439529
8,-0.01,0.013056,0.27373,-5.31154e-35,-0.000440299
8,-0.01,0.01309,0.273731,-2.62822e-34,-0.000441069
8,-0.01,0.013124,0.273731,-5.50956e-34,-0.000441839
8,-0.01,0.013158,0.273732,-8.39083e-34,-0.000442609
8,-0.01,0.013192,0.273732,-9.11757e-34,-0.000443379
8,-0.01,0.013226,0.273733,-3.57837e-34,-0.000444149
8,-0.01,0.01326,0.273733,1.96097e-34,-0.000444918
8,-0.01,0.013294,0.273733,7.50016e-34,-0.000445688
8,-0.01,0.013328,0.273734,1.02159e-33,-0.000446457
8,-0.01,0.013362,0.273734,1.23267e-33,-0.000447227
8,-0.01,0.013396,0.273735,1.44374e-33,-0.000447996
8,-0.01,0.01343,0.273735,1.57272e-33,-0.000448766
8,-0.01,0.013464,0.273735,1.5739e-33,-0.000449536
8,-0.01,0.013498,0.273736,1.57507e-33,-0.000450306
8,-0.01,0.013532,0.273736,1.57625e-33,-0.000451077
8,-0.01,0.013566,0.273737,1.70267e-33,-0.000451846
8,-0.01,0.0136,0.273737,1.83407e-33,-0.000452616
8,-0.01,0.013634,0.273738,1.96546e-33,-0.000453385
8,-0.01,0.013668,0.273738,1.9415e-33,-0.000454155
8,-0.01,0.013702,0.273739,1.77945e-33,-0.000454924
8,-0.01,0.013736,0.273739,1.6174e-33,-0.000455694
8,-0.01,0.01377,0.27374,1.42956e-33,-0.000456463
8,-0.01,0.013804,0.27374,1.00185e-33,-0.000457233
8,-0.01,0.013838,0.27374,5.7414e-34,-0.000458004
8,-0.01,0.013872,0.273741,1.46418e-34,-0.000458774
8,-0.01,0.013906,0.273741,-1.4573e-34,-0.000459543
8,-0.01,0.01394,0.273742,-3.70397e-34,-0.000460313
8,-0.01,0.013974,0.273742,-5.95064e-34,-0.000461082
8,-0.01,0.014008,0.273743,-6.95068e-34,-0.000461852
8,-0.01,0.014042,0.273743,-3.89858e-34,-0.000462621
8,-0.01,0.014076,0.273743,-8.46554e-35,-0.00046339
8,-0.01,0.01411,0.273744,2.20547e-34,-0.00046416
8,-0.01,0.014144,0.273744,-1.18955e-34,-0.00046493
8,-0.01,0.014178,0.273745,-6.16694e-34,-0.0004657
8,-0.01,0.014212,0.273745,-1.11442e-33,-0.00046647
8,-0.01,0.014246,0.273746,-1.51744e-33,-0.00046724
8,-0.01,0.01428,0.273746,-1.76161e-33,-0.000468009
8,-0.01,0.014314,0.273747,-2.00579e-33,-0.000468779
8,-0.01,0.014348,0.273747,-2.24997e-33,-0.000469548
8,-0.01,0.014382,0.273748,-1.98409e-33,-0.000470318
8,-0.01,0.014416,0.273748,-1.68635e-33,-0.000471087
8,-0.01,0.01445,0.273749,-1.3886e-33,-0.000471857
8,-0.01,0.014484,0.273749,-1.3939e-33,-0.000472626
8,-0.01,0.014518,0.27375,-1.69174e-33,-0.000473396
8,-0.01,0.014552,0.27375,-1.98958e-33,-0.000474166
8,-0.01,0.014586,0.273751,-2.27776e-33,-0.000474936
8,-0.01,0.01462,0.273751,-2.45395e-33,-0.000475705
8,-0.01,0.014654,0.273751,-2.63016e-33,-0.000476475
8,-0.01,0.014688,0.273752,-2.80636e-33,-0.000477244
8,-0.01,0.014722,0.273752,-2.62242e-33,-0.000478013
8,-0.01,0.014756,0.273753,-2.24204e-33,-0.000478783
8,-0.01,0.01479,0.273753,-1.86165e-33,-0.000479552
8,-0.01,0.014824,0.273754,-1.48904e-33,-0.000480322
8,-0.01,0.014858,0.273754,-1.14484e-33,-0.000481092
8,-0.01,0.014892,0.273755,-8.00644e-34,-0.000481862
8,-0.01,0.014926,0.273755,-4.56443e-34,-0.000482632
8,-0.01,0.01496,0.273756,5.90404e-35,-0.000483401
8,-0.01,0.014994,0.273756,6.21341e-34,-0.00048417
8,-0.01,0.015028,0.273757,1.18364e-33,-0.00048494
8,-0.01,0.015062,0.273757,1.5867e-33,-0.000485709
8,-0.01,0.015096,0.273758,1.69782e-33,-0.000486478
8,-0.01,0.01513,0.273758,1.80893e-33,-0.000487248
8,-0.01,0.015164,0.273759,1.92005e-33,-0.000488017
8,-0.01,0.015198,0.273759,2.01866e-33,-0.000488787
8,-0.01,0.015232,0.27376,2.11618e-33,-0.000489557
8,-0.01,0.015266,0.27376,2.21371e-33,-0.000490327
8,-0.01,0.0153,0.273761,2.31784e-33,-0.000491096
8,-0.01,0.015334,0.273761,2.42881e-33,-0.000491866
8,-0.01,0.015368,0.273762,2.53978e-33,-0.000492635
8,-0.01,0.015402,0.273762,2.62517e-33,-0.000493404
8,-0.01,0.015436,0.273763,2.30122e-33,-0.000494173
8,-0.01,0.01547,0.273763,1.97728e-33,-0.000494942
8,-0.01,0.015504,0.273764,1.65333e-33,-0.000495712
8,-0.01,0.015538,0.273764,1.61799e-33,-0.000496481
8,-0.01,0.015572,0.273765,1.75474e-33,-0.000497251
8,-0.01,0.015606,0.273765,1.89149e-33,-0.000498021
8,-0.01,0.01564,0.273766,1.85252e-33,-0.000498791
8,-0.01,0.015674,0.273766,1.09751e-33,-0.00049956
8,-0.01,0.015708,0.273767,3.42544e-34,-0.000500329
8,-0.01,0.015742,0.273767,-4.12463e-34,-0.000501098
8,-0.01,0.015776,0.273768,-8.7892e-34,-0.000501868
8,-0.01,0.01581,0.273768,-1.25657e-33,-0.000502637
8,-0.01,0.015844,0.273769,-1.63425e-33,-0.000503406
8,-0.01,0.015878,0.273769,-1.46836e-33,-0.000504175
8,-0.01,0.015912,0.27377,-2.1039e-34,-0.000504945
8,-0.01,0.015946,0.27377,1.04758e-33,-0.000505715
8,-0.01,0.01598,0.273771,2.30548e-33,-0.000506485
8,-0.01,0.016014,0.273772,2.48432e-33,-0.000507254
8,-0.01,0.016048,0.273772,2.54714e-33,-0.000508023
8,-0.01,0.016082,0.273773,2.60996e-33,-0.000508792
8,-0.01,0.016116,0.273773,2.39855e-33,-0.000509562
8,-0.01,0.01615,0.273774,1.87865e-33,-0.000510331
8,-0.01,0.016184,0.273774,1.35871e-33,-0.0005111
8,-0.01,0.016218,0.273775,8.61871e-34,-0.000511869
8,-0.01,0.016252,0.273775,9.45916e-34,-0.000512639
8,-0.01,0.016286,0.273776,1.02996e-33,-0.000513409
8,-0.01,0.01632,0.273776,1.114e-33,-0.000514179
8,-0.01,0.016354,0.273777,1.05783e-33,-0.000514948
8,-0.01,0.016388,0.273777,9.11561e-34,-0.000515717
8,-0.01,0.016422,0.273778,7.65299e-34,-0.000516486
8,-0.01,0.016456,0.273778,5.39401e-34,-0.000517255
8,-0.01,0.01649,0.273779,-5.81042e-35,-0.000518024
8,-0.01,0.016524,0.273779,-6.55642e-34,-0.000518794
8,-0.01,0.016558,0.27378,-1.25318e-33,-0.000519563
8,-0.01,0.016592,0.27378,-1.54941e-33,-0.000520332
8,-0.01,0.016626,0.273781,-1.74206e-33,-0.000521102
8,-0.01,0.01666,0.273782,-1.93471e-33,-0.000521872
8,-0.01,0.016694,0.273782,-1.82157e-33,-0.000522642
8,-0.01,0.016728,0.273783,-1.04262e-33,-0.000523411
8,-0.01,0.016762,0.273783,-2.6372e-34,-0.00052418
8,-0.01,0.016796,0.273784,5.15228e-34,-0.00052495
8,-0.01,0.01683,0.273784,7.17119e-34,-0.000525719
8,-0.01,0.016864,0.273785,8.421e-34,-0.000526488
8,-0.01,0.016898,0.273785,9.6708e-34,-0.000527257
8,-0.01,0.016932,0.273786,8.3583e-34,-0.000528026
8,-0.01,0.016966,0.273786,3.91404e-34,-0.000528796
8,-0.01,0.017,0.273787,-5.30214e-35,-0.000529565
8,-0.01,0.017034,0.273787,-4.77377e-34,-0.000530335
8,-0.01,0.017068,0.273788,5.13518e-35,-0.000531104
8,-0.01,0.017102,0.273788,5.80052e-34,-0.000531873
8,-0.01,0.017136,0.273789,1.10878e-33,-0.000532642
8,-0.01,0.01717,0.27379,1.06972e-33,-0.000533411
8,-0.01,0.017204,0.27379,6.33261e-34,-0.00053418
8,-0.01,0.017238,0.273791,1.96778e-34,-0.000534949
8,-0.01,0.017272,0.273791,-3.35781e-34,-0.000535718
8,-0.01,0.017306,0.273792,-1.38886e-33,-0.000536488
8,-0.01,0.01734,0.273793,-2.44195e-33,-0.000537258
8,-0.01,0.017374,0.273793,-3.49497e-33,-0.000538027
8,-0.01,0.017408,0.273794,-3.3242e-33,-0.000538797
8,-0.01,0.017442,0.273794,-2.69266e-33,-0.000539566
8,-0.01,0.017476,0.273795,-2.06109e-33,-0.000540335
8,-0.01,0.01751,0.273795,-1.68094e-33,-0.000541104
8,-0.01,0.017544,0.273796,-1.9042e-33,-0.000541873
8,-0.01,0.017578,0.273797,-2.12747e-33,-0.000542642
8,-0.01,0.017612,0.273797,-2.35074e-33,-0.000543411
8,-0.01,0.017646,0.273798,-1.97922e-33,-0.00054418
8,-0.01,0.01768,0.273798,-1.51228e-33,-0.00054495
8,-0.01,0.017714,0.273799,-1.04537e-33,-0.00054572
8,-0.01,0.017748,0.2738,-5.16635e-34,-0.000546489
8,-0.01,0.017782,0.2738,9.32318e-35,-0.000547258
8,-0.01,0.017816,0.273801,7.03066e-34,-0.000548027
8,-0.01,0.01785,0.273801,1.31293e-33,-0.000548796
8,-0.01,0.017884,0.273802,2.59934e-34,-0.000549565
8,-0.01,0.017918,0.273802,-7.93123e-34,-0.000550334
8,-0.01,0.017952,0.273803,-1.84618e-33,-0.000551103
8,-0.01,0.017986,0.273804,-1.87119e-33,-0.000551873
8,-0.01,0.01802,0.273804,-1.11313e-33,-0.000552642
8,-0.01,0.018054,0.273805,-3.55117e-34,-0.000553412
8,-0.01,0.018088,0.273805,3.91053e-34,-0.000554181
8,-0.01,0.018122,0.273806,1.06311e-33,-0.00055495
8,-0.01,0.018156,0.273807,1.73512e-33,-0.000555719
8,-0.01,0.01819,0.273807,2.40718e-33,-0.000556488
8,-0.01,0.018224,0.273808,2.44808e-33,-0.000557257
8,-0.01,0.018258,0.273808,2.22601e-33,-0.000558026
8,-0.01,0.018292,0.273809,2.00392e-33,-0.000558795
8,-0.01,0.018326,0.273809,1.66641e-33,-0.000559564
8,-0.01,0.01836,0.27381,1.02229e-33,-0.000560333
8,-0.01,0.018394,0.273811,3.78168e-34,-0.000561103
8,-0.01,0.018428,0.273811,-2.65918e-34,-0.000561872
8,-0.01,0.018462,0.273812,-6.96652e-34,-0.000562641
8,-0.01,0.018496,0.273812,-1.08795e-33,-0.00056341
8,-0.01,0.01853,0.273813,-1.47927e-33,-0.000564179
8,-0.01,0.018564,0.273813,-1.49415e-33,-0.000564948
8,-0.01,0.018598,0.273814,-9.71375e-34,-0.000565717
8,-0.01,0.018632,0.273815,-4.48571e-34,-0.000566485
8,-0.01,0.018666,0.273815,7.42048e-35,-0.000567254
8,-0.01,0.0187,0.273816,-4.43932e-34,-0.000568024
8,-0.01,0.018734,0.273816,-9.83961e-34,-0.000568793
8,-0.01,0.018768,0.273817,-1.52396e-33,-0.000569563
8,-0.01,0.018802,0.273818,-1.77419e-33,-0.000570332
8,-0.01,0.018836,0.273818,-1.78732e-33,-0.000571101
8,-0.01,0.01887,0.273819,-1.80046e-33,-0.00057187
8,-0.01,0.018904,0.273819,-1.69221e-33,-0.000572639
8,-0.01,0.018938,0.27382,-6.73857e-34,-0.000573408
8,-0.01,0.018972,0.273821,3.44548e-34,-0.000574176
8,-0.01,0.019006,0.273821,1.36295e-33,-0.000574945
8,-0.01,0.01904,0.273822,1.94568e-33,-0.000575715
8,-0.01,0.019074,0.273823,2.32839e-33,-0.000576484
8,-0.01,0.019108,0.273823,2.71108e-33,-0.000577253
8,-0.01,0.019142,0.273824,2.79272e-33,-0.000578023
8,-0.01,0.019176,0.273825,1.99888e-33,-0.000578792
8,-0.01,0.01921,0.273825,1.20507e-33,-0.000579561
8,-0.01,0.019244,0.273826,4.1123e-34,-0.00058033
8,-0.01,0.019278,0.273827,-7.22345e-34,-0.000581099
8,-0.01,0.019312,0.273827,-1.92879e-33,-0.000581869
8,-0.01,0.019346,0.273828,-3.13524e-33,-0.000582638
8,-0.01,0.01938,0.273828,-3.55531e-33,-0.000583407
8,-0.01,0.019414,0.273829,-2.75147e-33,-0.000584176
8,-0.01,0.019448,0.27383,-1.94769e-33,-0.000584945
8,-0.01,0.019482,0.27383,-1.14385e-33,-0.000585714
8,-0.01,0.019516,0.273831,-8.11684e-34,-0.000586483
8,-0.01,0.01955,0.273831,-4.98284e-34,-0.000587252
8,-0.01,0.019584,0.273832,-1.84867e-34,-0.00058802
8,-0.01,0.019618,0.273833,-3.95186e-34,-0.000588789
8,-0.01,0.019652,0.273833,-1.071e-33,-0.000589558
8,-0.01,0.019686,0.273834,-1.74685e-33,-0.000590327
8,-0.01,0.01972,0.273834,-2.3392e-33,-0.000591096
8,-0.01,0.019754,0.273835,-2.15482e-33,-0.000591865
8,-0.01,0.019788,0.273836,-1.97043e-33,-0.000592635
8,-0.01,0.019822,0.273837,-1.78605e-33,-0.000593404
8,-0.01,0.019856,0.273837,-1.45682e-33,-0.000594173
8,-0.01,0.01989,0.273838,-1.05549e-33,-0.000594942
8,-0.01,0.019924,0.273839,-6.54138e-34,-0.000595711
8,-0.01,0.019958,0.273839,-3.10602e-34,-0.00059648
8,-0.01,0.019992,0.27384,-1.54969e-34,-0.000597249
8,-0.01,0.020026,0.273841,6.71499e-37,-0.000598018
8,-0.01,0.02006,0.273841,1.56304e-34,-0.000598787
8,-0.01,0.020094,0.273842,5.50441e-35,-0.000599556
8,-0.01,0.020128,0.273842,-1.09284e-34,-0.000600325
8,-0.01,0.020162,0.273843,-2.73603e-34,-0.000601095
8,-0.01,0.020196,0.273844,-3.08147e-34,-0.000601864
8,-0.01,0.02023,0.273844,-1.25003e-34,-0.000602633
8,-0.01,0.020264,0.273845,5.81318e-35,-0.000603402
8,-0.01,0.020298,0.273846,2.41276e-34,-0.000604171
8,-0.01,0.020332,0.273846,1.97201e-34,-0.000604939
8,-0.01,0.020366,0.273847,1.38918e-34,-0.000605708
8,-0.01,0.0204,0.273848,8.06347e-35,-0.000606477
8,-0.01,0.020434,0.273848,1.23222e-34,-0.000607246
8,-0.01,0.020468,0.273849,2.63176e-34,-0.000608016
8,-0.01,0.020502,0.27385,4.03123e-34,-0.000608786
8,-0.01,0.020536,0.27385,5.24544e-34,-0.000609555
8,-0.01,0.02057,0.273851,4.31174e-34,-0.000610324
8,-0.01,0.020604,0.273852,3.3781e-34,-0.000611093
8,-0.01,0.020638,0.273852,2.4444e-34,-0.000611862
8,-0.01,0.020672,0.273853,-3.88513e-34,-0.000612631
8,-0.01,0.020706,0.273854,-1.31582e-33,-0.0006134
8,-0.01,0.02074,0.273854,-2.24313e-33,-0.000614169
8,-0.01,0.020774,0.273855,-2.9235e-33,-0.000614938
8,-0.01,0.020808,0.273856,-2.70083e-33,-0.000615707
8,-0.01,0.020842,0.273857,-2.47816e-33,-0.000616477
8,-0.01,0.020876,0.273857,-2.2555e-33,-0.000617247
8,-0.01,0.02091,0.273858,-1.83822e-33,-0.000618015
8,-0.01,0.020944,0.273858,-1.36776e-33,-0.000618784
8,-0.01,0.020978,0.273859,-8.97268e-34,-0.000619553
8,-0.01,0.021012,0.27386,-7.27455e-34,-0.000620322
8,-0.01,0.021046,0.27386,-1.1088e-33,-0.000621091
8,-0.01,0.02108,0.273861,-1.49017e-33,-0.00062186
8,-0.01,0.021114,0.273862,-1.87152e-33,-0.000622629
8,-0.01,0.021148,0.273863,-2.16479e-33,-0.000623399
8,-0.01,0.021182,0.273863,-2.45046e-33,-0.000624169
8,-0.01,0.021216,0.273864,-2.73612e-33,-0.000624939
8,-0.01,0.02125,0.273865,-2.73915e-33,-0.000625708
8,-0.01,0.021284,0.273865,-2.44941e-33,-0.000626477
8,-0.01,0.021318,0.273866,-2.15965e-33,-0.000627246
8,-0.01,0.021352,0.273867,-1.88799e-33,-0.000628015
8,-0.01,0.021386,0.273867,-1.9058e-33,-0.000628783
8,-0.01,0.02142,0.273868,-1.9236e-33,-0.000629552
8,-0.01,0.021454,0.273869,-1.9414e-33,-0.000630321
8,-0.01,0.021488,0.273869,-1.92177e-33,-0.000631091
8,-0.01,0.021522,0.27387,-1.87982e-33,-0.00063186
8,-0.01,0.021556,0.273871,-1.83786e-33,-0.00063263
8,-0.01,0.02159,0.273872,-1.77345e-33,-0.0006334
8,-0.01,0.021624,0.273872,-1.61752e-33,-0.000634169
8,-0.01,0.021658,0.273873,-1.46159e-33,-0.000634938
8,-0.01,0.021692,0.273874,-1.30566e-33,-0.000635708
8,-0.01,0.021726,0.273874,-1.5068e-33,-0.000636476
8,-0.01,0.02176,0.273875,-1.81782e-33,-0.000637245
8,-0.01,0.021794,0.273876,-2.12884e-33,-0.000638014
8,-0.01,0.021828,0.273877,-1.92749e-33,-0.000638783
8,-0.01,0.021862,0.273877,-6.9674e-34,-0.000639553
8,-0.01,0.021896,0.273878,5.33944e-34,-0.000640322
8,-0.01,0.02193,0.273879,1.7647e-33,-0.000641092
8,-0.01,0.021964,0.27388,2.67633e-33,-0.000641861
8,-0.01,0.021998,0.27388,3.5536e-33,-0.00064263
8,-0.01,0.022032,0.273881,4.43092e-33,-0.0006434
8,-0.01,0.022066,0.273882,4.78844e-33,-0.000644169
8,-0.01,0.0221,0.273882,4.56119e-33,-0.000644938
8,-0.01,0.022134,0.273883,4.33393e-33,-0.000645707
8,-0.01,0.022168,0.273884,4.10427e-33,-0.000646477
8,-0.01,0.022202,0.273884,3.81409e-33,-0.000647246
8,-0.01,0.022236,0.273885,3.52391e-33,-0.000648016
8,-0.01,0.02227,0.273886,3.23375e-33,-0.000648785
8,-0.01,0.022304,0.273887,2.6956e-33,-0.000649554
8,-0.01,0.022338,0.273887,1.99814e-33,-0.000650324
8,-0.01,0.022372,0.273888,1.30065e-33,-0.000651093
8,-0.01,0.022406,0.273889,5.92368e-34,-0.000651862
8,-0.01,0.02244,0.273889,-1.66188e-34,-0.000652631
8,-0.01,0.022474,0.27389,-9.24786e-34,-0.000653401
8,-0.01,0.022508,0.273891,-1.68334e-33,-0.00065417
8,-0.01,0.022542,0.273892,-1.43715e-33,-0.000654939
8,-0.01,0.022576,0.273892,-8.4542e-34,-0.000655709
8,-0.01,0.02261,0.273893,-2.53724e-34,-0.000656478
8,-0.01,0.022644,0.273894,4.04695e-34,-0.000657248
8,-0.01,0.022678,0.273895,1.20833e-33,-0.000658017
8,-0.01,0.022712,0.273896,2.01191e-33,-0.000658786
8,-0.01,0.022746,0.273896,2.81554e-33,-0.000659555
8,-0.01,0.02278,0.273897,2.73554e-33,-0.000660325
8,-0.01,0.022814,0.273898,2.53775e-33,-0.000661094
8,-0.01,0.022848,0.273898,2.33995e-33,-0.000661863
8,-0.01,0.022882,0.273899,2.0569e-33,-0.000662633
8,-0.01,0.022916,0.2739,1.66963e-33,-0.000663403
8,-0.01,0.02295,0.273901,1.28237e-33,-0.000664173
8,-0.01,0.022984,0.273901,8.89547e-34,-0.000664943
8,-0.01,0.023018,0.273902,2.32978e-34,-0.000665712
8,-0.01,0.023052,0.273903,-4.23556e-34,-0.000666481
8,-0.01,0.023086,0.273904,-1.08013e-33,-0.000667251
8,-0.01,0.02312,0.273904,-1.25774e-33,-0.00066802
8,-0.01,0.023154,0.273905,-1.10011e-33,-0.000668789
8,-0.01,0.023188,0.273906,-9.4247e-34,-0.000669557
8,-0.01,0.023222,0.273907,-6.96812e-34,-0.000670326
8,-0.01,0.023256,0.273907,2.5638e-35,-0.000671096
8,-0.01,0.02329,0.273908,7.48088e-34,-0.000671866
8,-0.01,0.023324,0.273909,1.4705e-33,-0.000672636
8,-0.01,0.023358,0.27391,1.89064e-33,-0.000673406
8,-0.01,0.023392,0.27391,2.19695e-33,-0.000674175
8,-0.01,0.023426,0.273911,2.50326e-33,-0.000674944
8,-0.01,0.02346,0.273912,2.66566e-33,-0.000675713
8,-0.01,0.023494,0.273913,2.48269e-33,-0.000676483
8,-0.01,0.023528,0.273914,2.2997e-33,-0.000677252
8,-0.01,0.023562,0.273914,2.11672e-33,-0.000678021
8,-0.01,0.023596,0.273915,2.01775e-33,-0.000678791
8,-0.01,0.02363,0.273916,1.93226e-33,-0.000679561
8,-0.01,0.023664,0.273917,1.84678e-33,-0.000680331
8,-0.01,0.023698,0.273917,1.58965e-33,-0.000681101
8,-0.01,0.023732,0.273918,1.1072e-33,-0.00068187
8,-0.01,0.023766,0.273919,6.24727e-34,-0.000682639
8,-0.01,0.0238,0.27392,1.4225e-34,-0.000683409
8,-0.01,0.023834,0.27392,-1.70241e-34,-0.000684178
8,-0.01,0.023868,0.273921,-4.82749e-34,-0.000684947
8,-0.01,0.023902,0.273922,-7.95256e-34,-0.000685717
8,-0.01,0.023936,0.273923,-4.12848e-34,-0.000686486
8,-0.01,0.02397,0.273924,4.98918e-34,-0.000687256
8,-0.01,0.024004,0.273924,1.41063e-33,-0.000688026
8,-0.01,0.024038,0.273925,2.12274e-33,-0.000688796
8,-0.01,0.024072,0.273926,1.59001e-33,-0.000689565
8,-0.01,0.024106,0.273927,1.05731e-33,-0.000690335
8,-0.01,0.02414,0.273928,5.24571e-34,-0.000691104
8,-0.01,0.024174,0.273928,-4.90492e-34,-0.000691873
8,-0.01,0.024208,0.273929,-1.70663e-33,-0.000692643
8,-0.01,0.024242,0.27393,-2.92277e-33,-0.000693412
8,-0.01,0.024276,0.273931,-3.76998e-33,-0.000694182
8,-0.01,0.02431,0.273931,-3.63759e-33,-0.000694952
8,-0.01,0.024344,0.273932,-3.50521e-33,-0.000695722
8,-0.01,0.024378,0.273933,-3.37283e-33,-0.000696492
8,-0.01,0.024412,0.273934,-2.95813e-33,-0.000697261
8,-0.01,0.024446,0.273935,-2.4913e-33,-0.00069803
8,-0.01,0.02448,0.273935,-2.02445e-33,-0.0006988
8,-0.01,0.024514,0.273936,-1.44032e-33,-0.000699569
8,-0.01,0.024548,0.273937,-6.88683e-34,-0.000700339
8,-0.01,0.024582,0.273938,6.29906e-35,-0.000701109
8,-0.01,0.024616,0.273939,8.14623e-34,-0.000701878
8,-0.01,0.02465,0.27394,8.89711e-34,-0.000702648
8,-0.01,0.024684,0.27394,9.5057e-34,-0.000703418
8,-0.01,0.024718,0.273941,1.01143e-33,-0.000704188
8,-0.01,0.024752,0.273942,8.50953e-34,-0.000704958
8,-0.01,0.024786,0.273943,5.09422e-34,-0.000705727
8,-0.01,0.02482,0.273943,1.67872e-34,-0.000706497
8,-0.01,0.024854,0.273944,-9.19747e-35,-0.000707266
8,-0.01,0.024888,0.273945,2.60785e-34,-0.000708035
8,-0.01,0.024922,0.273946,6.13563e-34,-0.000708805
8,-0.01,0.024956,0.273947,9.66322e-34,-0.000709574
8,-0.01,0.02499,0.273948,1.24123e-33,-0.000710344
8,-0.01,0.025024,0.273948,1.48037e-33,-0.000711114
8,-0.01,0.025058,0.273949,1.7195e-33,-0.000711884
8,-0.01,0.025092,0.27395,2.01162e-33,-0.000712654
8,-0.01,0.025126,0.273951,2.45779e-33,-0.000713424
8,-0.01,0.02516,0.273952,2.90393e-33,-0.000714194
8,-0.01,0.025194,0.273953,3.3501e-33,-0.000714963
8,-0.01,0.025228,0.273953,2.80343e-33,-0.000715733
8,-0.01,0.025262,0.273954,2.04399e-33,-0.000716502
8,-0.01,0.025296,0.273955,1.28455e-33,-0.000717272
8,-0.01,0.02533,0.273956,5.17063e-34,-0.000718041
8,-0.01,0.025364,0.273956,-2.63057e-34,-0.000718811
8,-0.01,0.025398,0.273957,-1.04314e-33,-0.000719581
8,-0.01,0.025432,0.273958,-1.82326e-33,-0.000720352
8,-0.01,0.025466,0.273959,-1.54689e-33,-0.000721121
8,-0.01,0.0255,0.27396,-1.22854e-33,-0.000721891
8,-0.01,0.025534,0.273961,-9.10167e-34,-0.000722661
8,-0.01,0.025568,0.273961,-9.62766e-34,-0.000723431
8,-0.01,0.025602,0.273962,-1.34515e-33,-0.0007242
8,-0.01,0.025636,0.273963,-1.72753e-33,-0.000724969
8,-0.01,0.02567,0.273964,-2.07866e-33,-0.000725739
8,-0.01,0.025704,0.273965,-2.13916e-33,-0.000726509
8,-0.01,0.025738,0.273966,-2.19965e-33,-0.000727279
8,-0.01,0.025772,0.273967,-2.26014e-33,-0.000728049
8,-0.01,0.025806,0.273968,-1.78279e-33,-0.000728819
8,-0.01,0.02584,0.273968,-1.03774e-33,-0.000729589
8,-0.01,0.025874,0.273969,-2.92644e-34,-0.000730359
8,-0.01,0.025908,0.27397,3.95372e-34,-0.000731129
8,-0.01,0.025942,0.273971,8.97849e-34,-0.000731898
8,-0.01,0.025976,0.273972,1.40035e-33,-0.000732668
8,-0.01,0.02601,0.273973,1.90283e-33,-0.000733438
8,-0.01,0.026044,0.273973,1.46992e-33,-0.000734208
8,-0.01,0.026078,0.273974,8.0746e-34,-0.000734978
8,-0.01,0.026112,0.273975,1.45031e-34,-0.000735748
8,-0.01,0.026146,0.273976,-2.61869e-34,-0.000736518
8,-0.01,0.02618,0.273977,-2.40105e-34,-0.000737288
8,-0.01,0.026214,0.273978,-2.1834e-34,-0.000738057
8,-0.01,0.026248,0.273979,-1.96575e-34,-0.000738827
8,-0.01,0.026282,0.27398,9.17761e-34,-0.000739596
8,-0.01,0.026316,0.27398,2.1004e-33,-0.000740366
8,-0.01,0.02635,0.273981,3.28304e-33,-0.000741136
8,-0.01,0.026384,0.273982,3.50895e-33,-0.000741906
8,-0.01,0.026418,0.273983,2.81144e-33,-0.000742677
8,-0.01,0.026452,0.273984,2.11396e-33,-0.000743447
8,-0.01,0.026486,0.273985,1.38925e-33,-0.000744218
8,-0.01,0.02652,0.273986,3.49305e-34,-0.000744988
8,-0.01,0.026554,0.273987,-6.90579e-34,-0.000745757
8,-0.01,0.026588,0.273987,-1.73052e-33,-0.000746527
8,-0.01,0.026622,0.273988,-2.18515e-33,-0.000747297
8,-0.01,0.026656,0.273989,-2.32056e-33,-0.000748066
8,-0.01,0.02669,0.27399,-2.45598e-33,-0.000748836
8,-0.01,0.026724,0.273991,-2.34316e-33,-0.000749606
8,-0.01,0.026758,0.273992,-1.32235e-33,-0.000750376
8,-0.01,0.026792,0.273993,-3.01599e-34,-0.000751146
8,-0.01,0.026826,0.273994,7.1921e-34,-0.000751916
8,-0.01,0.02686,0.273994,1.2606e-33,-0.000752686
8,-0.01,0.026894,0.273995,1.6709e-33,-0.000753456
8,-0.01,0.026928,0.273996,2.08123e-33,-0.000754226
8,-0.01,0.026962,0.273997,1.9963e-33,-0.000754996
8,-0.01,0.026996,0.273998,1.00355e-33,-0.000755766
8,-0.01,0.02703,0.273999,1.07484e-35,-0.000756536
8,-0.01,0.027064,0.274,-9.82001e-34,-0.000757305
8,-0.01,0.027098,0.274001,-1.71145e-33,-0.000758076
8,-0.01,0.027132,0.274001,-2.41817e-33,-0.000758847
8,-0.01,0.027166,0.274002,-3.12485e-33,-0.000759617
8,-0.01,0.0272,0.274003,-3.65622e-33,-0.000760388
8,-0.01,0.027234,0.274004,-4.00592e-33,-0.000761157
8,-0.01,0.027268,0.274005,-4.35564e-33,-0.000761927
8,-0.01,0.027302,0.274006,-4.54124e-33,-0.000762697
8,-0.01,0.027336,0.274007,-2.10155e-33,-0.000763467
8,-0.01,0.02737,0.274008,3.38272e-34,-0.000764237
8,-0.01,0.027404,0.274008,2.77796e-33,-0.000765007
8,-0.01,0.027438,0.274009,4.78704e-33,-0.000765777
8,-0.01,0.027472,0.27401,6.53927e-33,-0.000766548
8,-0.01,0.027506,0.274011,8.2914e-33,-0.000767319
8,-0.01,0.02754,0.274012,9.2434e-33,-0.000768089
8,-0.01,0.027574,0.274013,6.93467e-33,-0.000768859
8,-0.01,0.027608,0.274014,4.62605e-33,-0.000769629
8,-0.01,0.027642,0.274015,2.31732e-33,-0.000770399
8,-0.01,0.027676,0.274015,1.76467e-33,-0.000771169
8,-0.01,0.02771,0.274016,1.75236e-33,-0.000771939
8,-0.01,0.027744,0.274017,1.74004e-33,-0.000772709
8,-0.01,0.027778,0.274018,1.98771e-33,-0.000773479
8,-0.01,0.027812,0.274019,2.75776e-33,-0.00077425
8,-0.01,0.027846,0.27402,3.52777e-33,-0.000775021
8,-0.01,0.02788,0.274021,4.29783e-33,-0.000775791
8,-0.01,0.027914,0.274022,3.40459e-33,-0.000776561
8,-0.01,0.027948,0.274023,2.33259e-33,-0.000777331
8,-0.01,0.027982,0.274024,1.26053e-33,-0.000778101
8,-0.01,0.028016,0.274025,6.27708e-34,-0.000778871
8,-0.01,0.02805,0.274026,4.89023e-34,-0.000779641
8,-0.01,0.028084,0.274027,3.50339e-34,-0.000780411
8,-0.01,0.028118,0.274028,1.93938e-34,-0.000781181
8,-0.01,0.028152,0.274028,-4.08232e-34,-0.000781952
8,-0.01,0.028186,0.274029,-1.0104e-33,-0.000782723
8,-0.01,0.02822,0.27403,-1.61254e-33,-0.000783493
8,-0.01,0.028254,0.274031,-1.21833e-33,-0.000784264
8,-0.01,0.028288,0.274032,-1.83915e-34,-0.000785034
8,-0.01,0.028322,0.274033,8.50553e-34,-0.000785804
8,-0.01,0.028356,0.274034,1.86384e-33,-0.000786574
8,-0.01,0.02839,0.274035,2.77828e-33,-0.000787344
8,-0.01,0.028424,0.274036,3.69276e-33,-0.000788114
8,-0.01,0.028458,0.274037,4.6072e-33,-0.000788884
8,-0.01,0.028492,0.274038,4.04602e-33,-0.000789654
8,-0.01,0.028526,0.274039,2.97739e-33,-0.000790425
8,-0.01,0.02856,0.274039,1.90882e-33,-0.000791196
8,-0.01,0.028594,0.27404,1.65194e-33,-0.000791967
8,-0.01,0.028628,0.274041,3.16248e-33,-0.000792737
8,-0.01,0.028662,0.274042,4.6731e-33,-0.000793507
8,-0.01,0.028696,0.274043,6.18372e-33,-0.000794277
8,-0.01,0.02873,0.274044,5.80122e-33,-0.000795047
8,-0.01,0.028764,0.274045,5.16634e-33,-0.000795817
8,-0.01,0.028798,0.274046,4.53145e-33,-0.000796587
8,-0.01,0.028832,0.274047,3.81851e-33,-0.000797357
8,-0.01,0.028866,0.274048,3.01008e-33,-0.000798128
8,-0.01,0.0289,0.274049,2.20169e-33,-0.000798899
8,-0.01,0.028934,0.27405,1.42451e-33,-0.00079967
8,-0.01,0.028968,0.274051,2.13355e-33,-0.00080044
8,-0.01,0.029002,0.274052,2.84254e-33,-0.00080121
8,-0.01,0.029036,0.274053,3.55158e-33,-0.00080198
8,-0.01,0.02907,0.274054,3.23387e-33,-0.00080275
8,-0.01,0.029104,0.274055,2.19741e-33,-0.00080352
8,-0.01,0.029138,0.274056,1.16095e-33,-0.00080429
8,-0.01,0.029172,0.274057,1.73144e-34,-0.000805061
8,-0.01,0.029206,0.274058,-5.51545e-34,-0.000805832
8,-0.01,0.02924,0.274059,-1.2762e-33,-0.000806603
8,-0.01,0.029274,0.274059,-2.00088e-33,-0.000807374
8,-0.01,0.029308,0.27406,-9.71765e-34,-0.000808145
8,-0.01,0.029342,0.274061,7.17602e-34,-0.000808915
8,-0.01,0.029376,0.274062,2.40706e-33,-0.000809686
8,-0.01,0.02941,0.274063,3.84407e-33,-0.000810456
8,-0.01,0.029444,0.274064,4.67517e-33,-0.000811227
8,-0.01,0.029478,0.274065,5.50633e-33,-0.000811997
8,-0.01,0.029512,0.274066,6.33743e-33,-0.000812767
8,-0.01,0.029546,0.274067,5.77332e-33,-0.000813538
8,-0.01,0.02958,0.274068,4.98533e-33,-0.000814309
8,-0.01,0.029614,0.274069,4.19739e-33,-0.000815079
8,-0.01,0.029648,0.27407,4.07464e-33,-0.00081585
8,-0.01,0.029682,0.274071,4.8253e-33,-0.000816621
8,-0.01,0.029716,0.274072,5.57599e-33,-0.000817391
8,-0.01,0.02975,0.274073,6.32669e-33,-0.000818162
8,-0.01,0.029784,0.274074,4.91124e-33,-0.000818932
8,-0.01,0.029818,0.274075,3.4957e-33,-0.000819703
8,-0.01,0.029852,0.274076,2.08025e-33,-0.000820474
8,-0.01,0.029886,0.274077,1.00726e-33,-0.000821244
8,-0.01,0.02992,0.274078,1.95157e-34,-0.000822015
8,-0.01,0.029954,0.274079,-6.16898e-34,-0.000822786
8,-0.01,0.029988,0.27408,-1.40767e-33,-0.000823557
8,-0.01,0.030022,0.274081,-2.06542e-33,-0.000824328
8,-0.01,0.030056,0.274082,-2.72314e-33,-0.000825099
8,-0.01,0.03009,0.274083,-3.3809e-33,-0.000825869
8,-0.01,0.030124,0.274084,-4.23471e-33,-0.00082664
8,-0.01,0.030158,0.274085,-5.17025e-33,-0.00082741
8,-0.01,0.030192,0.274086,-6.1058e-33,-0.000828181
8,-0.01,0.030226,0.274087,-6.60409e-33,-0.000828952
8,-0.01,0.03026,0.274088,-5.94127e-33,-0.000829723
8,-0.01,0.030294,0.274089,-5.27848e-33,-0.000830494
8,-0.01,0.030328,0.27409,-4.61566e-33,-0.000831265
8,-0.01,0.030362,0.274091,-3.79399e-33,-0.000832035
8,-0.01,0.030396,0.274092,-2.94304e-33,-0.000832806
8,-0.01,0.03043,0.274093,-2.09205e-33,-0.000833577
8,-0.01,0.030464,0.274094,-1.0925e-33,-0.000834348
8,-0.01,0.030498,0.274095,1.19398e-34,-0.000835118
8,-0.01,0.030532,0.274096,1.3313e-33,-0.000835889
8,-0.01,0.030566,0.274097,2.54313e-33,-0.00083666
8,-0.01,0.0306,0.274098,2.14247e-33,-0.000837431
8,-0.01,0.030634,0.274099,1.70789e-33,-0.000838202
8,-0.01,0.030668,0.2741,1.27333e-33,-0.000838974
8,-0.01,0.030702,0.274101,2.48713e-36,-0.000839745
8,-0.01,0.030736,0.274102,-1.95242e-33,-0.000840516
8,-0.01,0.03077,0.274103,-3.90743e-33,-0.000841286
8,-0.01,0.030804,0.274104,-5.57069e-33,-0.000842057
8,-0.01,0.030838,0.274105,-5.0463e-33,-0.000842827
8,-0.01,0.030872,0.274106,-4.52189e-33,-0.000843598
8,-0.01,0.030906,0.274107,-3.99751e-33,-0.000844368
8,-0.01,0.03094,0.274108,-2.66964e-33,-0.000845139
8,-0.01,0.030974,0.274109,-9.72772e-34,-0.000845911
8,-0.01,0.031008,0.27411,7.24005e-34,-0.000846682
8,-0.01,0.031042,0.274111,1.85693e-33,-0.000847453
8,-0.01,0.031076,0.274112,1.34995e-33,-0.000848224
8,-0.01,0.03111,0.274113,8.42944e-34,-0.000848995
8,-0.01,0.031144,0.274114,3.35938e-34,-0.000849766
8,-0.01,0.031178,0.274115,-8.85437e-34,-0.000850537
8,-0.01,0.031212,0.274116,-2.25997e-33,-0.000851307
8,-0.01,0.031246,0.274117,-3.63449e-33,-0.000852078
8,-0.01,0.03128,0.274118,-4.04515e-33,-0.000852849
8,-0.01,0.031314,0.274119,-2.95567e-33,-0.000853621
8,-0.01,0.031348,0.27412,-1.86618e-33,-0.000854393
8,-0.01,0.031382,0.274121,-7.76817e-34,-0.000855165
8,-0.01,0.031416,0.274122,-7.35113e-35,-0.000855936
8,-0.01,0.03145,0.274123,6.14441e-34,-0.000856707
8,-0.01,0.031484,0.274124,1.30239e-33,-0.000857478
8,-0.01,0.031518,0.274125,2.36244e-33,-0.000858249
8,-0.01,0.031552,0.274126,3.75324e-33,-0.00085902
8,-0.01,0.031586,0.274127,5.14389e-33,-0.00085979
8,-0.01,0.03162,0.274129,6.46676e-33,-0.000860561
8,-0.01,0.031654,0.27413,7.15788e-33,-0.000861333
8,-0.01,0.031688,0.274131,7.84899e-33,-0.000862105
8,-0.01,0.031722,0.274132,8.5401e-33,-0.000862876
8,-0.01,0.031756,0.274133,7.6934e-33,-0.000863647
8,-0.01,0.03179,0.274134,6.08107e-33,-0.000864418
8,-0.01,0.031824,0.274135,4.46874e-33,-0.000865189
8,-0.01,0.031858,0.274136,2.80455e-33,-0.00086596
8,-0.01,0.031892,0.274137,9.71844e-34,-0.000866732
8,-0.01,0.031926,0.274138,-8.6066e-34,-0.000867503
8,-0.01,0.03196,0.274139,-2.69336e-33,-0.000868274
8,-0.01,0.031994,0.27414,-3.38632e-33,-0.000869046
8,-0.01,0.032028,0.274141,-3.79947e-33,-0.000869817
8,-0.01,0.032062,0.274142,-4.21262e-33,-0.000870589
8,-0.01,0.032096,0.274143,-4.15156e-33,-0.00087136
8,-0.01,0.03213,0.274144,-3.29522e-33,-0.000872131
8,-0.01,0.032164,0.274145,-2.43888e-33,-0.000872902
8,-0.01,0.032198,0.274146,-1.58254e-33,-0.000873673
8,-0.01,0.032232,0.274147,-2.20092e-33,-0.000874445
8,-0.01,0.032266,0.274148,-2.91141e-33,-0.000875216
8,-0.01,0.0323,0.274149,-3.62199e-33,-0.000875988
8,-0.01,0.032334,0.27415,-3.77085e-33,-0.000876759
8,-0.01,0.032368,0.274151,-3.37747e-33,-0.000877531
8,-0.01,0.032402,0.274153,-2.98409e-33,-0.000878303
8,-0.01,0.032436,0.274154,-2.56887e-33,-0.000879075
8,-0.01,0.03247,0.274155,-1.89965e-33,-0.000879846
8,-0.01,0.032504,0.274156,-1.23043e-33,-0.000880617
8,-0.01,0.032538,0.274157,-5.61211e-34,-0.000881388
8,-0.01,0.032572,0.274158,2.51393e-34,-0.00088216
8,-0.01,0.032606,0.274159,1.1421e-33,-0.000882931
8,-0.01,0.03264,0.27416,2.0329e-33,-0.000883702
8,-0.01,0.032674,0.274161,2.73252e-33,-0.000884473
8,-0.01,0.032708,0.274162,2.73258e-33,-0.000885245
8,-0.01,0.032742,0.274163,2.73263e-33,-0.000886017
8,-0.01,0.032776,0.274164,2.73269e-33,-0.000886789
8,-0.01,0.03281,0.274165,2.56001e-33,-0.000887561
8,-0.01,0.032844,0.274167,2.34008e-33,-0.000888333
8,-0.01,0.032878,0.274168,2.12016e-33,-0.000889104
8,-0.01,0.032912,0.274169,2.02264e-33,-0.000889876
8,-0.01,0.032946,0.27417,2.14955e-33,-0.000890647
8,-0.01,0.03298,0.274171,2.27645e-33,-0.000891419
8,-0.01,0.033014,0.274172,2.40336e-33,-0.00089219
8,-0.01,0.033048,0.274173,1.54327e-33,-0.000892962
8,-0.01,0.033082,0.274174,5.98015e-34,-0.000893734
8,-0.01,0.033116,0.274175,-3.47243e-34,-0.000894506
8,-0.01,0.03315,0.274176,-1.07054e-33,-0.000895277
8,-0.01,0.033184,0.274177,-1.56412e-33,-0.000896048
8,-0.01,0.033218,0.274178,-2.0577e-33,-0.00089682
8,-0.01,0.033252,0.27418,-2.47499e-33,-0.000897591
8,-0.01,0.033286,0.274181,-1.6718e-33,-0.000898362
8,-0.01,0.03332,0.274182,-8.68699e-34,-0.000899134
8,-0.01,0.033354,0.274183,-6.55112e-35,-0.000899905
8,-0.01,0.033388,0.274184,5.69877e-35,-0.000900677
8,-0.01,0.033422,0.274185,-2.26332e-34,-0.000901449
8,-0.01,0.033456,0.274187,-5.09651e-34,-0.000902221
8,-0.01,0.03349,0.274188,-7.70143e-34,-0.000902993
8,-0.01,0.033524,0.274189,-9.37742e-34,-0.000903763
8,-0.01,0.033558,0.274191,-1.10534e-33,-0.000904534
8,-0.01,0.033592,0.274192,-1.27294e-33,-0.000905305
8,-0.01,0.033626,0.274193,-1.35842e-34,-0.000906075
8,-0.01,0.03366,0.274195,1.4024e-33,-0.000906845
8,-0.01,0.033694,0.274197,2.94082e-33,-0.000907614
8,-0.01,0.033728,0.274198,4.12156e-33,-0.000908384
8,-0.01,0.033762,0.2742,4.58365e-33,-0.000909153
8,-0.01,0.033796,0.274202,5.04575e-33,-0.000909922
8,-0.01,0.03383,0.274204,5.50779e-33,-0.000910692
8,-0.01,0.033864,0.274207,4.7288e-33,-0.000911458
8,-0.01,0.033898,0.274209,3.81637e-33,-0.000912223
8,-0.01,0.033932,0.274212,2.90394e-33,-0.000912989
8,-0.01,0.033966,0.274215,1.362e-33,-0.000913752
8,-0.01,0.034,0.274219,-8.8815e-34,-0.000914514
